epoch,capsnet_acc,capsnet_loss,decoder_loss,loss,val_capsnet_acc,val_capsnet_loss,val_decoder_loss,val_loss
0,0.008928571428571428,0.9303647790636335,0.14582774255956923,0.9875292607716152,0.02127659574468085,0.6487027009497297,0.11179083912296497,0.692524708839173
1,0.009852216748768473,0.6712203974207046,0.10559086134574683,0.7126120149795645,0.02127659574468085,0.673188210040965,0.10139259235656008,0.7129341048889972
2,0.024630541871921183,0.6618732959766106,0.09833205513325818,0.7004194535645358,0.02127659574468085,0.6493560116341773,0.09261918107879923,0.6856627296894154
3,0.0,0.6667931623059541,0.09033387532375128,0.702204040999483,0.02127659574468085,0.653503500755797,0.08666309718755966,0.687475434009065
4,0.024630541871921183,0.6669887242646053,0.08888129133896287,0.701830189509932,0.02154255319148936,0.6541464509862535,0.084836310237012,0.6874022840946279
